{
  "type": "datasource",
  "name": "OpenSearch",
  "id": "grafana-opensearch-datasource",
  "category": "logging",
  "alerting": true,
  "annotations": true,
  "metrics": true,
  "logs": true,
  "backend": true,
  "executable": "gpx_opensearch-datasource",
  "info": {
    "description": "",
    "author": {
      "name": "Grafana Labs",
      "url": "https://grafana.com"
    },
    "keywords": [
      "elasticsearch",
      "opensearch"
    ],
    "logos": {
      "small": "img/logo.svg",
      "large": "img/logo.svg"
    },
    "links": [],
    "screenshots": [],
    "version": "1.1.2",
    "updated": "2022-02-21",
    "build": {
      "time": 1645440994878,
      "repo": "git@github.com:grafana/opensearch-datasource.git",
      "branch": "v1.1.x",
      "hash": "e19a33a0ccd2f9b7316c99491c32d052503488d6",
      "number": 311
    }
  },
  "dependencies": {
    "grafanaVersion": "7.5.7",
    "grafanaDependency": ">=7.5.7",
    "plugins": []
  },
  "queryOptions": {
    "minInterval": true
  }
}